1,2,3,4,5,6,7,8
"(1,0.17611312979166122)","(2,0.26446861032526875)","(3,0.41977114201924104)","(4,0.5472979484849717)","(5,0.763573643320397)","(6,0.4309403883887358)","(7,0.30902521261881294)","(8,0.375813083267343)"
"(1,0.10764616145308477)","(2,0.15112251292668472)","(3,0.38250674071571045)","(4,0.5401049647448141)","(5,0.6638312123644716)","(6,0.35427369032005374)","(7,0.3269182908253898)","(8,0.31258215955899266)"
"(1,0.19993102379660482)","(2,0.22560070131164717)","(3,0.28873115686636197)","(4,0.6840792841701)","(5,0.6963213916430898)","(6,0.28705406548009926)","(7,0.3913556194138376)","(8,0.36632309804844876)"
"(1,0.04592714046423405)","(2,0.30428630491968234)","(3,0.34480564397904384)","(4,0.676954146172243)","(5,0.7827492307674702)","(6,0.27548411188160515)","(7,0.46953089360222294)","(8,0.3806672164242351)"
"(1,0.07518249748430735)","(2,0.13901025068060463)","(3,0.33541775087444603)","(4,0.672533726097496)","(5,0.7745252899032969)","(6,0.370095109063049)","(7,0.4901586105655209)","(8,0.43720562869070767)"
"(1,0.07505557716701677)","(2,0.2890827195435627)","(3,0.42204020130819003)","(4,0.7016148833635502)","(5,0.6980911637828161)","(6,0.2965400426502255)","(7,0.4593246042445612)","(8,0.3313429092513685)"
"(1,0.03750171553486224)","(2,0.2899239649638612)","(3,0.28047344842086847)","(4,0.7361110705234726)","(5,0.7856261368080688)","(6,0.3461177109694862)","(7,0.4038050241064065)","(8,0.3468794903498604)"
"(1,0.09754669107718668)","(2,0.1740950849368514)","(3,0.38195230838837785)","(4,0.7246905899950276)","(5,0.6932309601881985)","(6,0.340921713336132)","(7,0.3082439254859125)","(8,0.37474650656088015)"
"(1,0.15710110358147147)","(2,0.1775802207792523)","(3,0.3617891141262888)","(4,0.5568064867802731)","(5,0.7561500290832701)","(6,0.33759085158381646)","(7,0.345494460828219)","(8,0.3310135976799463)"
"(1,0.09343763638783319)","(2,0.22338860567797758)","(3,0.3155044907721533)","(4,0.5334904847381821)","(5,0.7308355583928056)","(6,0.3294569465919017)","(7,0.3224596752869111)","(8,0.3014668738229663)"
"(1,0.19245358670266988)","(2,0.15673511397241915)","(3,0.4277333380133137)","(4,0.6352709143883093)","(5,0.7681019223097808)","(6,0.28576330682160506)","(7,0.3991872370036026)","(8,0.3470325414008964)"
"(1,0.02760865224133546)","(2,0.26126367472702616)","(3,0.3161042070184635)","(4,0.5728318991988451)","(5,0.6610849594443423)","(6,0.25306332499697065)","(7,0.40779894359202723)","(8,0.3456665298902347)"
"(1,0.17934378442560628)","(2,0.17836934672541394)","(3,0.315412482199248)","(4,0.6417460761964867)","(5,0.6983193621196391)","(6,0.3162994248395538)","(7,0.34439930623113924)","(8,0.3559506943712341)"
"(1,0.14106874110181972)","(2,0.3260820117454438)","(3,0.35052804467473275)","(4,0.5296484085938211)","(5,0.6353316769888269)","(6,0.29367120053999124)","(7,0.42994217549745917)","(8,0.31357623105699495)"
"(1,0.2009551758686999)","(2,0.17810070277138967)","(3,0.33829382433654076)","(4,0.5596363557189413)","(5,0.6320102778500998)","(6,0.3504188177744157)","(7,0.3700322374271432)","(8,0.35688148883936305)"
"(1,0.21085331062848878)","(2,0.27815471003685305)","(3,0.39685575451376753)","(4,0.7102687936787844)","(5,0.7074458421029508)","(6,0.2506672796038615)","(7,0.4685895715151013)","(8,0.47298558676480107)"
"(1,0.15519046263918881)","(2,0.2083539011205076)","(3,0.3193749986027601)","(4,0.5957001981864604)","(5,0.6663528965309591)","(6,0.3010332044843854)","(7,0.3786253182064915)","(8,0.3344600115519862)"
"(1,0.19642605885487002)","(2,0.2398351452299845)","(3,0.3892951513360141)","(4,0.7384172340888863)","(5,0.7024853574512291)","(6,0.31625438986833126)","(7,0.45884536448477664)","(8,0.3264686785542752)"
"(1,0.11846945680748172)","(2,0.26532091130575025)","(3,0.3704474959779835)","(4,0.5111371715892882)","(5,0.7842411129747128)","(6,0.23279941763307754)","(7,0.49182286415241594)","(8,0.3067329981931149)"
"(1,0.04017349649985735)","(2,0.2709422434537753)","(3,0.282797962249386)","(4,0.7338435830486565)","(5,0.6866449281787009)","(6,0.3132224937444301)","(7,0.45484423314759037)","(8,0.4067678632257067)"
"(1,0.1388409358731831)","(2,0.23998044595473497)","(3,0.3256550318886969)","(4,0.7088798948209442)","(5,0.7556067136034915)","(6,0.4091226082296651)","(7,0.4875158441058459)","(8,0.38385428647846415)"
"(1,0.15628166332715904)","(2,0.18058338079069683)","(3,0.3749059538760128)","(4,0.7371659243757889)","(5,0.740187690033727)","(6,0.3394459034435588)","(7,0.3444528969372763)","(8,0.3678991470423536)"
"(1,0.11346308822124788)","(2,0.2428805882505571)","(3,0.3345940865630428)","(4,0.5232929870439712)","(5,0.7835305022084095)","(6,0.3549555852165748)","(7,0.48514007485400545)","(8,0.2916925764737051)"
"(1,0.10180903674358213)","(2,0.23660928678318865)","(3,0.4217291032564981)","(4,0.6457402003483514)","(5,0.6681677800068725)","(6,0.33494853372795746)","(7,0.42448235244419885)","(8,0.4197604438444889)"
"(1,0.03347678852419431)","(2,0.28709405139987354)","(3,0.3227858091400812)","(4,0.6488889911691699)","(5,0.6295562028696002)","(6,0.3361844316708094)","(7,0.49618690693331247)","(8,0.4243457452691305)"
"(1,0.16837313404801413)","(2,0.3236986508127847)","(3,0.3660181984347876)","(4,0.5933181808793616)","(5,0.7736512765014065)","(6,0.3711430003564046)","(7,0.43400643048741605)","(8,0.4702129818319727)"
"(1,0.01674888763514485)","(2,0.2379259853775558)","(3,0.38340966748158434)","(4,0.5587346645023895)","(5,0.6520486376034519)","(6,0.39338641623084547)","(7,0.39096602261616786)","(8,0.41056417433409786)"
"(1,0.16368364699723278)","(2,0.21594496046480477)","(3,0.3508414690477375)","(4,0.6953277393723338)","(5,0.7340355325395469)","(6,0.3679839122904727)","(7,0.35048864462943025)","(8,0.4136042236970772)"
"(1,0.012289065789566863)","(2,0.27991088344942266)","(3,0.32700345077981063)","(4,0.6773809705112817)","(5,0.6330061882199759)","(6,0.2337877887719415)","(7,0.4093289259617618)","(8,0.3430601553363557)"
"(1,0.01364456745370314)","(2,0.1434359562255828)","(3,0.29856912920720646)","(4,0.5685383862692)","(5,0.6952019402678095)","(6,0.3514285809155909)","(7,0.4424106723457525)","(8,0.41760935328662135)"
"(1,0.21116421495936086)","(2,0.14282212257562327)","(3,0.42930140031573266)","(4,0.7272408388410303)","(5,0.7798251414693833)","(6,0.3329328401697671)","(7,0.36084494743812745)","(8,0.34741210723902205)"
"(1,0.16713195338521974)","(2,0.14643416697124556)","(3,0.3540845073025265)","(4,0.5297915967437431)","(5,0.6876805072289018)","(6,0.2286971293033759)","(7,0.330148225224166)","(8,0.4142175824742756)"
"(1,0.032934808708106666)","(2,0.25340650114062735)","(3,0.34249700887441953)","(4,0.5805528681629588)","(5,0.6845495991597798)","(6,0.33280633219130207)","(7,0.42699125271851057)","(8,0.4336208363680045)"
"(1,0.03946787140322191)","(2,0.20526862239478266)","(3,0.29843320708064686)","(4,0.5952982381901252)","(5,0.7879912492288206)","(6,0.40242832523733707)","(7,0.4188984121030084)","(8,0.39972850857769715)"
"(1,0.13594427940704917)","(2,0.2260410386426306)","(3,0.3353640226891953)","(4,0.6056738818613558)","(5,0.7105482266933957)","(6,0.2698501452628185)","(7,0.36975201741061153)","(8,0.4656753035094401)"
"(1,0.17915297294485072)","(2,0.21694029743522053)","(3,0.4075281533866004)","(4,0.5305930126032551)","(5,0.8006139639725103)","(6,0.32560004911165596)","(7,0.4998528139099203)","(8,0.44772018654680673)"
"(1,0.012233425312949383)","(2,0.21431153893591498)","(3,0.3833289205024222)","(4,0.639055521358605)","(5,0.6498110154336079)","(6,0.25465072156305424)","(7,0.40662123860347243)","(8,0.40380526892363156)"
"(1,0.18656548191554523)","(2,0.2468604861397925)","(3,0.3222377563025972)","(4,0.6130653337242836)","(5,0.7178448135154065)","(6,0.24370146053998631)","(7,0.32842411748943284)","(8,0.2931519532824434)"
"(1,0.0514240217579612)","(2,0.16057647818155063)","(3,0.2824536181310632)","(4,0.5060339374058547)","(5,0.8033289048216454)","(6,0.31499677619791705)","(7,0.45448288299727835)","(8,0.3911232557045531)"
"(1,0.09486658659482353)","(2,0.3303395362016842)","(3,0.32430611948919896)","(4,0.548088663165738)","(5,0.770690794664662)","(6,0.3561529629794106)","(7,0.29639458029176)","(8,0.4064153104192664)"
"(1,0.022770013376204587)","(2,0.2989767061737962)","(3,0.2936775131210872)","(4,0.6810421067772521)","(5,0.738176358203838)","(6,0.3540688484042247)","(7,0.38689001895383396)","(8,0.30088557327493043)"
"(1,0.15427570001579097)","(2,0.22580618110423428)","(3,0.3734689471030941)","(4,0.6496187124453693)","(5,0.7627255634366019)","(6,0.24160572264484398)","(7,0.5010999651984827)","(8,0.47786131889142613)"
"(1,0.16763582502621957)","(2,0.2892758755156932)","(3,0.2849964591872763)","(4,0.5723259163403668)","(5,0.6677673606404234)","(6,0.3087613919166571)","(7,0.4381024865973904)","(8,0.44465128398689857)"
"(1,0.021738098296108413)","(2,0.1507729376273012)","(3,0.3139014619457867)","(4,0.533928628214389)","(5,0.7070328305169985)","(6,0.28576624019619506)","(7,0.4979352917974116)","(8,0.2910608956009601)"
"(1,0.023496205881906124)","(2,0.3376894100166353)","(3,0.3195627869215818)","(4,0.5599466050102891)","(5,0.6506249686891991)","(6,0.26884197272943683)","(7,0.41848982914241417)","(8,0.3640509110352553)"
"(1,0.20712989654836053)","(2,0.16090338350295896)","(3,0.35098443693704556)","(4,0.5605664734312642)","(5,0.67124661375023)","(6,0.2480484679209471)","(7,0.367817206722009)","(8,0.3523243339990172)"
"(1,0.07908190767616183)","(2,0.25292584632868703)","(3,0.4235207472031711)","(4,0.6498779323161112)","(5,0.722036705102724)","(6,0.3913580834669811)","(7,0.4962694546002479)","(8,0.47918168631426494)"
"(1,0.13173509291424296)","(2,0.28894040301290114)","(3,0.30202787558468985)","(4,0.6370242398103458)","(5,0.662267592885758)","(6,0.38905442995037776)","(7,0.34085548070643135)","(8,0.370260004226564)"
"(1,0.04997293583601506)","(2,0.30059454770514155)","(3,0.36238819927605925)","(4,0.5921467581736519)","(5,0.6761217736139237)","(6,0.3723161702760881)","(7,0.3714365409869097)","(8,0.3362797216034384)"
"(1,0.5550756810054323)","(2,0.555538176379015)","(3,0.21972862219556108)","(4,0.22256077784062736)","(5,0.4839376646875295)","(6,0.5831568015410009)","(7,0.9497698950743169)","(8,0.9531686661967869)"
"(1,0.5661759716996513)","(2,0.46747543233527333)","(3,0.17315717583853085)","(4,0.21250679455293556)","(5,0.5119992643384446)","(6,0.5315633665464135)","(7,0.8490945717635959)","(8,0.9258505433317947)"
"(1,0.627975862941118)","(2,0.4494382465574567)","(3,0.13145571338516424)","(4,0.1343300546497178)","(5,0.42143770936823854)","(6,0.5735925249462479)","(7,0.8551423390017643)","(8,0.8431302404938805)"
"(1,0.6323300553505841)","(2,0.5078247108989264)","(3,0.200133610662947)","(4,0.11189803832413692)","(5,0.545773008807793)","(6,0.6384643963513403)","(7,0.8595394931732401)","(8,0.9578500419162105)"
"(1,0.5263308790942998)","(2,0.5719826953700216)","(3,0.22796060282628755)","(4,0.16266873509873925)","(5,0.46034132240192227)","(6,0.5242993916811877)","(7,0.922832035456377)","(8,0.9186773452743835)"
"(1,0.5542406007709804)","(2,0.5652025501467376)","(3,0.12069003917142401)","(4,0.18840596285003244)","(5,0.44577115534813927)","(6,0.6230623046052761)","(7,0.8822603947183502)","(8,0.8445936197861609)"
"(1,0.5665300902009414)","(2,0.4232263126301418)","(3,0.11099948879875883)","(4,0.11857916440120014)","(5,0.3851705281998811)","(6,0.6443366852180323)","(7,0.8480363682361439)","(8,0.8789688313389581)"
"(1,0.5845308726390201)","(2,0.4188732366098506)","(3,0.06103627836178666)","(4,0.11995961480637639)","(5,0.4612175890190316)","(6,0.6638405063264258)","(7,0.8699308659240594)","(8,0.8635166002307738)"
"(1,0.5329291402578209)","(2,0.5172259010332485)","(3,0.0663069981912568)","(4,0.08580536057955984)","(5,0.4257430895886266)","(6,0.511386965124232)","(7,0.8470061622562284)","(8,0.9015615114538927)"
"(1,0.5879079813591155)","(2,0.5475406930440161)","(3,0.04080184334886964)","(4,0.20216341364679005)","(5,0.5153606008599507)","(6,0.5768760328612041)","(7,0.927788252240521)","(8,0.9010770652610499)"
"(1,0.5268928116476332)","(2,0.5631471584304683)","(3,0.09007302877043773)","(4,0.20524969719950711)","(5,0.38873172063364236)","(6,0.6019377063057771)","(7,0.9024602936115852)","(8,0.8661140826177909)"
"(1,0.5840183770953792)","(2,0.5524151961502355)","(3,0.13722649809526055)","(4,0.09028052062178837)","(5,0.4918628096996136)","(6,0.5051417285324431)","(7,0.9710992435441103)","(8,0.9919226714846943)"
"(1,0.5844285222911372)","(2,0.5064832281825139)","(3,0.11994810141743505)","(4,0.15488294648449377)","(5,0.5418027366878734)","(6,0.52386636396982)","(7,0.9379644052541561)","(8,0.945855944552711)"
"(1,0.5444046173217653)","(2,0.45227797021376515)","(3,0.20613120294418513)","(4,0.10890648782492353)","(5,0.375816679029093)","(6,0.5249205286173344)","(7,0.9564381990462707)","(8,0.8623552284649719)"
"(1,0.6101879392865736)","(2,0.5727862870206382)","(3,0.143594572943324)","(4,0.12266422241728896)","(5,0.39138204756727)","(6,0.45589454957546927)","(7,0.8659099797157995)","(8,0.9298347298664573)"
"(1,0.606725890535887)","(2,0.4845969424724706)","(3,0.22088145306565543)","(4,0.1655328324239845)","(5,0.5241796748695557)","(6,0.6486050564591253)","(7,0.9272593781219651)","(8,0.9335650604558432)"
"(1,0.5232219900984171)","(2,0.528019830862709)","(3,0.18100066321268632)","(4,0.07986701120472564)","(5,0.4744524840766119)","(6,0.656296971897261)","(7,0.9089133591842607)","(8,0.9594320460653576)"
"(1,0.521451927019941)","(2,0.5642231965229961)","(3,0.16826440372260246)","(4,0.05363331090164733)","(5,0.5348784311726476)","(6,0.5900646199135692)","(7,0.8534245394365436)","(8,0.8958228241280265)"
"(1,0.5597661724536737)","(2,0.528050402511362)","(3,0.12000180975170618)","(4,0.21835577960087071)","(5,0.5497909098758075)","(6,0.5606462875225557)","(7,0.8665649327814907)","(8,0.9756905715137422)"
"(1,0.6284264867391435)","(2,0.5823417648911193)","(3,0.08165254698640881)","(4,0.20981808964281662)","(5,0.4540595868883289)","(6,0.4462186048414042)","(7,0.851236517542957)","(8,0.9025796029007963)"
"(1,0.5630584400236304)","(2,0.5926524013347179)","(3,0.087296838699018)","(4,0.08640804688926505)","(5,0.41369465051303894)","(6,0.5408719114485039)","(7,0.9267714861317694)","(8,0.8591969508038182)"
"(1,0.5714344449804167)","(2,0.5475189611071732)","(3,0.15698698783757872)","(4,0.21627127171468113)","(5,0.5448920803494017)","(6,0.5822306910279454)","(7,0.9480024654163922)","(8,0.8441508727757489)"
"(1,0.668141233829252)","(2,0.4956557506225393)","(3,0.06217428668294832)","(4,0.17552441806654936)","(5,0.44065089989809836)","(6,0.620310640034562)","(7,0.9179846183955137)","(8,0.9282415755050007)"
"(1,0.6056397017607538)","(2,0.5730360847252672)","(3,0.09156530244873859)","(4,0.179059767972057)","(5,0.42359347939384107)","(6,0.541979649788746)","(7,0.9378059497509864)","(8,0.938621469963827)"
"(1,0.6618098790454832)","(2,0.4474893232511387)","(3,0.12286718683278712)","(4,0.04315933920367421)","(5,0.39929595846561633)","(6,0.4483116987295785)","(7,0.8318212668667501)","(8,0.8594326243955507)"
"(1,0.5923049292495892)","(2,0.5674404127144753)","(3,0.22064222756332627)","(4,0.12742496697672456)","(5,0.4597336582646718)","(6,0.6224426422501339)","(7,0.8410906301315)","(8,0.8406114254000534)"
"(1,0.6903786211003238)","(2,0.5512619899245406)","(3,0.06475741396547907)","(4,0.042108843283787764)","(5,0.49732429034045905)","(6,0.536648303537817)","(7,0.8568048352264132)","(8,0.9378666978497082)"
"(1,0.5263478417504958)","(2,0.5142054096985964)","(3,0.1963165875763555)","(4,0.222495041136178)","(5,0.5034145583725851)","(6,0.4578016111915782)","(7,0.951422516372242)","(8,0.9562402231475301)"
"(1,0.5921168158922979)","(2,0.5732234765594326)","(3,0.04810254679979599)","(4,0.1250622925828983)","(5,0.4516827253668787)","(6,0.4919028786632062)","(7,0.887260022139498)","(8,0.8647032352894809)"
"(1,0.5681487832200289)","(2,0.5588714652382607)","(3,0.11463598932184886)","(4,0.21823481214950588)","(5,0.45466538475596957)","(6,0.4365723318833609)","(7,0.9388418876212098)","(8,0.9164373191062796)"
"(1,0.6499887760336864)","(2,0.44922734805187736)","(3,0.20380632480094157)","(4,0.15473182050370612)","(5,0.4801669545634039)","(6,0.48085461550570036)","(7,0.9566109375916845)","(8,0.940728716935412)"
"(1,0.5565258396101332)","(2,0.4599134210835624)","(3,0.18372018027622158)","(4,0.0865857568809067)","(5,0.5539412764103714)","(6,0.5785818033220229)","(7,0.9050534774053377)","(8,0.8949451604520254)"
"(1,0.6325644358255391)","(2,0.469677836689822)","(3,0.07891076999833327)","(4,0.09774738690460011)","(5,0.4636092728589902)","(6,0.47887227956006767)","(7,0.8326756564698298)","(8,0.8545468162897649)"
"(1,0.5410775838319604)","(2,0.5204857071788874)","(3,0.1989500495863078)","(4,0.2433469387620102)","(5,0.528645350368154)","(6,0.5885015979219252)","(7,0.9344624666063138)","(8,0.8898358633465341)"
"(1,0.5947921609605454)","(2,0.42567450726375805)","(3,0.07393422434641708)","(4,0.036956609597785364)","(5,0.44118587468607456)","(6,0.5986258563878505)","(7,0.971918326029426)","(8,0.8969951793100599)"
"(1,0.5760176505413829)","(2,0.4338398578891816)","(3,0.19864828448808963)","(4,0.22247581217829165)","(5,0.48565311610190587)","(6,0.6559819690577486)","(7,0.8589894148731898)","(8,0.8787763369607086)"
"(1,0.615264266569919)","(2,0.45876581268572414)","(3,0.14902297498426592)","(4,0.05393314766721918)","(5,0.48896724361793475)","(6,0.5482833542612072)","(7,0.8386223460352695)","(8,0.9469047013022069)"
"(1,0.7062973526271169)","(2,0.6014613156964004)","(3,0.10561943984971552)","(4,0.19456798475042011)","(5,0.3938039944819297)","(6,0.4583134382889591)","(7,0.9498421092585771)","(8,0.9919790582152737)"
"(1,0.6807987583485703)","(2,0.49963175516506225)","(3,0.2191493672755736)","(4,0.028354731430465935)","(5,0.4798126830018538)","(6,0.6699334747473896)","(7,0.8420704602745144)","(8,0.8632551250735836)"
"(1,0.5954932975436452)","(2,0.5292737603241655)","(3,0.16170955218112412)","(4,0.1645365776925047)","(5,0.3897708173639258)","(6,0.6611339396977818)","(7,0.8837783011672811)","(8,0.9464548988330556)"
"(1,0.700366810600923)","(2,0.4731956450653418)","(3,0.05701637267548142)","(4,0.1910974189672104)","(5,0.4662244121234674)","(6,0.45731512371570104)","(7,0.884720505044959)","(8,0.9883241050114715)"
"(1,0.6185077341110081)","(2,0.532420106316482)","(3,0.2179478063996314)","(4,0.16148817561515488)","(5,0.4089591931809149)","(6,0.6443646899142828)","(7,0.9661388751621758)","(8,0.96024060205299)"
"(1,0.6839800530074013)","(2,0.5011815005966593)","(3,0.10260007279290638)","(4,0.13346324640056523)","(5,0.44134682240857465)","(6,0.4451088491096819)","(7,0.8947778308454893)","(8,0.8758173045060951)"
"(1,0.607867119700474)","(2,0.5341866941718618)","(3,0.16609335637317263)","(4,0.19005945319557468)","(5,0.3793364037586359)","(6,0.5224683526088552)","(7,0.8773706045718478)","(8,0.9822516801947558)"
"(1,0.5360426536037084)","(2,0.5447184972912935)","(3,0.20952262772620425)","(4,0.10166899875336702)","(5,0.49341157082698817)","(6,0.4382214365313309)","(7,0.8808037465356156)","(8,0.8464377157530037)"
"(1,0.5457792249576018)","(2,0.6089903280573944)","(3,0.1084753445396188)","(4,0.14126085837704982)","(5,0.3886264500398645)","(6,0.48707749756663177)","(7,0.844245646910228)","(8,0.8778468269587905)"
"(1,0.7025301877605473)","(2,0.9256131588899479)","(3,0.9503104676756468)","(4,0.7554774319686655)","(5,0.9497769966789416)","(6,0.9219821247726057)","(7,0.6726000171222949)","(8,0.5772041345908246)"
"(1,0.7425167194831306)","(2,0.9170287189809003)","(3,0.89515727592886)","(4,0.9580835615381431)","(5,0.9406003141609227)","(6,0.7690022476022609)","(7,0.6841031792537835)","(8,0.7092878758477299)"
"(1,0.8133534286568032)","(2,0.8956136828539346)","(3,0.877102631928753)","(4,0.8216464894156118)","(5,0.981870055129575)","(6,0.8836110204060953)","(7,0.7214891131534424)","(8,0.7166268392881718)"
"(1,0.7811980022055129)","(2,0.8751566168127115)","(3,0.9761629512618719)","(4,0.7570696874114827)","(5,0.8483212645100447)","(6,0.8329790336623049)","(7,0.745870779176208)","(8,0.7395459062466594)"
"(1,0.7570864780540736)","(2,0.8438553215061577)","(3,0.9246931399255535)","(4,0.8474948105084702)","(5,0.8405088774690549)","(6,0.8421366691981435)","(7,0.7542398512103585)","(8,0.5905694556124101)"
"(1,0.7473166641214535)","(2,0.8363530728565571)","(3,0.8851490247966769)","(4,0.7904804130331795)","(5,0.953955211025534)","(6,0.7697545462068967)","(7,0.6807408181884287)","(8,0.6543471585670687)"
"(1,0.7627307952329365)","(2,0.9256065597607808)","(3,0.879289339503934)","(4,0.8249766128114685)","(5,0.9906781000678972)","(6,0.9006556925150032)","(7,0.6323265672720656)","(8,0.6546498128638768)"
"(1,0.7843956266018459)","(2,0.894151334984067)","(3,0.8187944308021969)","(4,0.8522969353474087)","(5,0.9963258895112626)","(6,0.8613129143300641)","(7,0.6970511811686956)","(8,0.655546109969923)"
"(1,0.7435718928689569)","(2,0.8826066763325863)","(3,0.8815978852516029)","(4,0.9183258636461408)","(5,0.8589708164225174)","(6,0.8092395939818768)","(7,0.7265815467494652)","(8,0.6987653020367813)"
"(1,0.7327824696555294)","(2,0.8019649905487137)","(3,0.8704752463746849)","(4,0.768818105227213)","(5,0.9336714696627461)","(6,0.8268232760830818)","(7,0.7494475025966286)","(8,0.6763342880521215)"
"(1,0.781312444508546)","(2,0.8031931872738446)","(3,0.9361037455354777)","(4,0.9701765854606936)","(5,0.9519459670832833)","(6,0.8872793467085592)","(7,0.672863429073613)","(8,0.6532057422126828)"
"(1,0.6674748335623669)","(2,0.9330355703406095)","(3,0.9957959510335269)","(4,0.9312730912592904)","(5,0.9205995596046425)","(6,0.8724805529630131)","(7,0.7229606411073106)","(8,0.6070657806707286)"
"(1,0.6657280974601238)","(2,0.8323808691256352)","(3,0.9919310299218141)","(4,0.8972108502725147)","(5,0.9653489856157743)","(6,0.7812208977483616)","(7,0.7566280446246205)","(8,0.7320762998589672)"
"(1,0.7897691043514394)","(2,0.9368979624683839)","(3,0.8254512898314359)","(4,0.8534739902717973)","(5,0.9267429104441381)","(6,0.9212583914833069)","(7,0.6503180035671042)","(8,0.6392946563335637)"
"(1,0.7323794267473835)","(2,0.8732531470330439)","(3,0.90113560002151)","(4,0.9570723857166358)","(5,0.9290213603313796)","(6,0.8177168436904889)","(7,0.5948210609525936)","(8,0.5967106287928083)"
"(1,0.7456577698417434)","(2,0.791285701614929)","(3,0.9347405671669333)","(4,0.7921029607626727)","(5,0.9340388682853645)","(6,0.8966768793683088)","(7,0.7404029465345286)","(8,0.6085567166668697)"
"(1,0.6739982530977314)","(2,0.876881833620693)","(3,0.9525339554658743)","(4,0.8407829822136497)","(5,0.9672504711625378)","(6,0.7482275196376101)","(7,0.7053957478329546)","(8,0.5446055209943815)"
"(1,0.7250624344165779)","(2,0.8584534063479297)","(3,0.8856357042340695)","(4,0.7657631847576823)","(5,0.9809833177537128)","(6,0.9125702210266642)","(7,0.5896128565485111)","(8,0.6482253652388309)"
"(1,0.6731684265695062)","(2,0.8266133322905915)","(3,0.937241026910666)","(4,0.9043609251499957)","(5,0.9965285443934376)","(6,0.7467481514259302)","(7,0.6427723980582869)","(8,0.595306191135775)"
"(1,0.7095133090602342)","(2,0.8214711691131565)","(3,0.8782760714684994)","(4,0.8047372715645743)","(5,0.8983318516583279)","(6,0.8380858012648049)","(7,0.605655732794503)","(8,0.6810783418515005)"
"(1,0.8115783920343191)","(2,0.8979720825079782)","(3,0.9534589479414686)","(4,0.8463188933831329)","(5,0.9989482668960941)","(6,0.7655794265322609)","(7,0.7438636118285002)","(8,0.6156825425134017)"
"(1,0.7425326933790191)","(2,0.813588923678663)","(3,0.8762680217698323)","(4,0.962236138468588)","(5,0.8421439476576866)","(6,0.9148420424413185)","(7,0.727032868448023)","(8,0.6797887605631591)"
"(1,0.7661925406723423)","(2,0.8946832284432755)","(3,0.9044828053718048)","(4,0.955619558435537)","(5,0.9870213317587879)","(6,0.7818391366374581)","(7,0.7395234389498475)","(8,0.5717406248653311)"
"(1,0.8095050401240719)","(2,0.882603584294267)","(3,0.8529650161770832)","(4,0.7939115207524318)","(5,0.852402588386397)","(6,0.9294535100343497)","(7,0.7321437926058775)","(8,0.7005383316078383)"
"(1,0.771446307681676)","(2,0.9090176313406176)","(3,0.8639063459363554)","(4,0.8337494125613489)","(5,0.8614084173848371)","(6,0.8036396497327297)","(7,0.678863753971739)","(8,0.7077702998360815)"
"(1,0.7440308043146351)","(2,0.8625292395654007)","(3,0.9426488096127156)","(4,0.913938613993234)","(5,0.9345191693490945)","(6,0.8778738991189818)","(7,0.5662484400115136)","(8,0.5468843811944202)"
"(1,0.7079584731873605)","(2,0.8851727809504073)","(3,0.8208608527137208)","(4,0.9630063491582144)","(5,0.9923158386584775)","(6,0.7895603781803485)","(7,0.6731474489084635)","(8,0.5724656064849875)"
"(1,0.666782431265426)","(2,0.9384415005345517)","(3,0.8895207426252605)","(4,0.791590093559456)","(5,0.8405418311454519)","(6,0.7468291777711507)","(7,0.6034508149553297)","(8,0.6013611695726903)"
"(1,0.7173302560010499)","(2,0.9186366148393532)","(3,0.9095945991453346)","(4,0.9121431887719622)","(5,0.9357554370547108)","(6,0.7983309790045104)","(7,0.6616431337710932)","(8,0.6641226197671979)"
"(1,0.7441582599472526)","(2,0.8242732730528459)","(3,0.9973408209625007)","(4,0.8882515022838405)","(5,0.8957719288687455)","(6,0.9186047669214685)","(7,0.6023601138835949)","(8,0.5845427538280489)"
"(1,0.8002818978545597)","(2,0.9248643041896587)","(3,0.8437195169637034)","(4,0.8992213055034476)","(5,0.9917351996846395)","(6,0.854409780397652)","(7,0.7470208027452001)","(8,0.5780015119176611)"
"(1,0.8046049417782445)","(2,0.8773182916812662)","(3,0.9694909511281814)","(4,0.9577509354845137)","(5,0.8651809141403969)","(6,0.8124194068460201)","(7,0.6107983097195001)","(8,0.6511402180513167)"
"(1,0.7798715226699532)","(2,0.8829184704723412)","(3,0.8353107297204384)","(4,0.9032232557874984)","(5,0.8675961914901145)","(6,0.9660314346146144)","(7,0.5663017711118453)","(8,0.5961329489508371)"
"(1,0.8212382486547165)","(2,0.9171562162801299)","(3,0.9208334678508742)","(4,0.7528489476236468)","(5,0.8327273533244351)","(6,0.8639577425420888)","(7,0.6023106483409398)","(8,0.6023645612708588)"
"(1,0.7459086040909427)","(2,0.8364915597351564)","(3,0.9754628531198264)","(4,0.9794108178054034)","(5,0.9091417174683846)","(6,0.9395822501908716)","(7,0.6271937315597788)","(8,0.555782221520532)"
"(1,0.6581753572627264)","(2,0.8058483779169835)","(3,0.8341742780335848)","(4,0.9704141101413972)","(5,0.98499378846654)","(6,0.8921629034800613)","(7,0.6285021837287994)","(8,0.7399672115054575)"
"(1,0.7502577480961089)","(2,0.8610608056699243)","(3,0.9335404368037652)","(4,0.9292651037166031)","(5,0.9021279587416415)","(6,0.8386597572781698)","(7,0.619831393398866)","(8,0.6648184646436701)"
"(1,0.69261808695762)","(2,0.9378669597346809)","(3,0.9637821462853855)","(4,0.7682341387222972)","(5,0.9909938881717261)","(6,0.8076754960032221)","(7,0.5934614075186827)","(8,0.6363204724628692)"
"(1,0.7493023283588126)","(2,0.8084494728986286)","(3,0.8703904373778758)","(4,0.8719861838616498)","(5,0.9221342569558953)","(6,0.7612142333742276)","(7,0.6374811558365319)","(8,0.649622925679338)"
"(1,0.7073641277424042)","(2,0.9009573431408907)","(3,0.8226674724376272)","(4,0.7834738273660246)","(5,0.8922293618506104)","(6,0.8004978475281436)","(7,0.6137443584857167)","(8,0.543245729215474)"
"(1,0.6699629788280307)","(2,0.7899488826528193)","(3,0.8725655113943418)","(4,0.8442782922158173)","(5,0.8503716774435336)","(6,0.9116943159398492)","(7,0.5896180043856779)","(8,0.6973201958482297)"
"(1,0.7789496211363613)","(2,0.8771007313426535)","(3,0.9496888486537011)","(4,0.9072330897332972)","(5,0.9580654254973918)","(6,0.9632661703924478)","(7,0.7004945314630305)","(8,0.673680343037983)"
"(1,0.659545900985967)","(2,0.8620137823901484)","(3,0.8882360181121463)","(4,0.7819686264459501)","(5,0.8828394688577789)","(6,0.9230399858471904)","(7,0.7269035922236207)","(8,0.5571892252507432)"
"(1,0.6767473894281938)","(2,0.9283685279579369)","(3,0.9511285698666072)","(4,0.8441380219946032)","(5,0.8893452429162231)","(6,0.968790449930064)","(7,0.6076807793454577)","(8,0.5482949804985066)"
"(1,0.7913791071661566)","(2,0.8576458537746892)","(3,0.9248202138344913)","(4,0.9309855395998697)","(5,0.8692298913560355)","(6,0.7586454561503773)","(7,0.628370179230808)","(8,0.6279211186944431)"
"(1,0.7984005361410751)","(2,0.8054784329595499)","(3,0.9341582035450174)","(4,0.8191007305647402)","(5,0.835269695536985)","(6,0.8742076219266302)","(7,0.6636924638714904)","(8,0.6090709418287749)"
"(1,0.6750689357337115)","(2,0.9104032395665224)","(3,0.9144332877979713)","(4,0.8965853813744453)","(5,0.9947783720449269)","(6,0.939498725668771)","(7,0.7144457980426501)","(8,0.5456772299669705)"
"(1,0.6891291004828943)","(2,0.8467605772287594)","(3,0.8441005959669962)","(4,0.768259200881455)","(5,0.8407731984052674)","(6,0.943750910170509)","(7,0.6268099264353832)","(8,0.7115074182926725)"
"(1,0.8572616990444473)","(2,0.7166761297141448)","(3,0.5923995991378086)","(4,0.3981762904299226)","(5,0.21583117977968458)","(6,0.07539690859237175)","(7,0.20308640162206135)","(8,0.11273281932152625)"
"(1,0.7541351908354014)","(2,0.8716953496474869)","(3,0.5456830843488711)","(4,0.2677696583094598)","(5,0.1413077513710538)","(6,0.09294139454282185)","(7,0.2110624928228801)","(8,0.13358819899735397)"
"(1,0.9103672516605197)","(2,0.8505073314737618)","(3,0.678969645672725)","(4,0.413214682948871)","(5,0.23054120703190584)","(6,0.028764001503248607)","(7,0.15833050705553858)","(8,0.10300152243849786)"
"(1,0.8189550403971606)","(2,0.7111883981028656)","(3,0.5587967743704472)","(4,0.2822520942408582)","(5,0.20674836182625633)","(6,0.09843895984794576)","(7,0.05853936392336059)","(8,0.1599813835982758)"
"(1,0.7763807858306048)","(2,0.8644412874544979)","(3,0.6141311565052837)","(4,0.2658521281981628)","(5,0.19824369335694275)","(6,0.031668665322981196)","(7,0.1947225674359029)","(8,0.08996284091126905)"
"(1,0.8456365214499332)","(2,0.8662056735688706)","(3,0.6235294024187464)","(4,0.4363719555860287)","(5,0.13944917294068213)","(6,0.11378281844065777)","(7,0.04141191308022686)","(8,0.180606400459394)"
"(1,0.7977595340999959)","(2,0.7225121323887951)","(3,0.7267631894590578)","(4,0.41506036653944645)","(5,0.18104939499327072)","(6,0.15270508439178893)","(7,0.055502070107210484)","(8,0.12087330339635188)"
"(1,0.7783964482615174)","(2,0.7220993524437795)","(3,0.6781568968464431)","(4,0.5055844547357893)","(5,0.1371928414100495)","(6,0.006749755591841133)","(7,0.10219468081985966)","(8,0.18696409159743302)"
"(1,0.7857512468940339)","(2,0.8671059025525485)","(3,0.6853187436782586)","(4,0.30644145469167805)","(5,0.2665874684264231)","(6,0.14029155759140668)","(7,0.20261949733702206)","(8,0.20616151029346722)"
"(1,0.820249729579502)","(2,0.7533154642506422)","(3,0.6140303795045207)","(4,0.3993681417722572)","(5,0.15649763171816314)","(6,0.07970467478844816)","(7,0.04331701657482305)","(8,0.10325266133056721)"
"(1,0.9015236110372788)","(2,0.8647234272169636)","(3,0.5410268392285117)","(4,0.3659047548692589)","(5,0.1620110847152063)","(6,0.010105497795003852)","(7,0.20365356349814095)","(8,0.15388937353945006)"
"(1,0.8571337335684348)","(2,0.7115217121208427)","(3,0.5762750427174858)","(4,0.3583741734289433)","(5,0.19767557088951757)","(6,0.12749686044999123)","(7,0.07920166077152323)","(8,0.18256860614486917)"
"(1,0.8696640056850267)","(2,0.7162460213062183)","(3,0.7165682932805125)","(4,0.4499994733281343)","(5,0.21390197537594846)","(6,0.03492929750012226)","(7,0.10196304772381284)","(8,0.08129401216419473)"
"(1,0.8942341910584517)","(2,0.7194007258173626)","(3,0.5842044281144908)","(4,0.2656800046071596)","(5,0.24368028014020354)","(6,0.14276179967172395)","(7,0.17877744671192897)","(8,0.05827781756683775)"
"(1,0.8081260570332012)","(2,0.8706335540549486)","(3,0.7022981069351837)","(4,0.45955674902424987)","(5,0.16961327504528392)","(6,0.17066493183156342)","(7,0.05705364735738494)","(8,0.1408519558039641)"
"(1,0.866493893823798)","(2,0.745660180476744)","(3,0.5891548216104526)","(4,0.2677210949813702)","(5,0.2828010562699943)","(6,0.106652947987661)","(7,0.13033199066336243)","(8,0.10820979830686714)"
"(1,0.7942665407850731)","(2,0.7479776871614598)","(3,0.6555917305349493)","(4,0.29627305153404115)","(5,0.2865926727569287)","(6,0.1533006049989155)","(7,0.21126848321643588)","(8,0.2162448038546019)"
"(1,0.8087934853566708)","(2,0.8701209601671184)","(3,0.7039987279207786)","(4,0.4407420268508324)","(5,0.24956866422941046)","(6,0.05389063201884714)","(7,0.10972707827004595)","(8,0.06838288493797241)"
"(1,0.9001885239211673)","(2,0.871916300616298)","(3,0.6615449201085752)","(4,0.4740640785106418)","(5,0.2561628261752158)","(6,0.1463286822563285)","(7,0.1410606055365064)","(8,0.20607149472277292)"
"(1,0.8993586542673149)","(2,0.8086093516924431)","(3,0.5892557801623339)","(4,0.4414178220234622)","(5,0.1273598716673333)","(6,0.13578953596276044)","(7,0.07339139524272131)","(8,0.13336419592893292)"
"(1,0.7824764264644959)","(2,0.836952044404837)","(3,0.7313053698606453)","(4,0.37837645798881203)","(5,0.2580363164966726)","(6,0.08543234705953621)","(7,0.06456239123256143)","(8,0.18961397851649003)"
"(1,0.7675654842557886)","(2,0.8140365129187216)","(3,0.6802815778408114)","(4,0.49378182837839085)","(5,0.279841184857777)","(6,0.1504614247902098)","(7,0.04834579935096969)","(8,0.22809853932409496)"
"(1,0.8429347483972157)","(2,0.8459708869661723)","(3,0.5524508891349049)","(4,0.4001319913395537)","(5,0.16913201146898038)","(6,0.11505491986084787)","(7,0.04791565764876089)","(8,0.05759051536851638)"
"(1,0.8431109590800034)","(2,0.8761507679338569)","(3,0.6207146132358176)","(4,0.4087429851214886)","(5,0.2641652789687713)","(6,0.15868561612405105)","(7,0.03841800045631279)","(8,0.06080054080443789)"
"(1,0.9160113932311856)","(2,0.8126718608901635)","(3,0.6419823404890901)","(4,0.4860329478160157)","(5,0.22347180680739742)","(6,0.04591049982859356)","(7,0.21892259736058056)","(8,0.16765629657570602)"
"(1,0.8304988664280634)","(2,0.8756346788175586)","(3,0.5570217562013315)","(4,0.4503761735935356)","(5,0.17100448723030748)","(6,0.0316932364614555)","(7,0.09359109498712534)","(8,0.15253342139870824)"
"(1,0.8781859470172385)","(2,0.7952803167393304)","(3,0.7324543881529401)","(4,0.40200730031659704)","(5,0.22595949018723732)","(6,0.025864966506691085)","(7,0.10747261912749152)","(8,0.15332923227014933)"
"(1,0.7467616858750705)","(2,0.7663325468795172)","(3,0.6970652983915678)","(4,0.3411949545490628)","(5,0.17604426087275593)","(6,0.1350925703165038)","(7,0.19642633045607738)","(8,0.18105968653583238)"
"(1,0.8875249400498698)","(2,0.7055789458983699)","(3,0.617989763005328)","(4,0.42097354483286664)","(5,0.1458459778814501)","(6,0.06418953856830956)","(7,0.17983582431326672)","(8,0.21072833430631224)"
"(1,0.7994650452973477)","(2,0.8461984225729557)","(3,0.6451524043020687)","(4,0.3958269197169264)","(5,0.28271452942181274)","(6,0.13030224700669055)","(7,0.15365982975493897)","(8,0.2127266371768803)"
"(1,0.9059108286011621)","(2,0.8051234760363688)","(3,0.6557021410162751)","(4,0.38416768213437474)","(5,0.2806434994724132)","(6,0.12865209326661262)","(7,0.175409254475794)","(8,0.2263547510420325)"
"(1,0.775766692164829)","(2,0.759117728123924)","(3,0.588079224400409)","(4,0.5030093288608031)","(5,0.15635500800070312)","(6,0.13463898358161397)","(7,0.06939498943172237)","(8,0.09541972285228749)"
"(1,0.8834503447789366)","(2,0.8368795967971003)","(3,0.7163089193620689)","(4,0.4781192065052734)","(5,0.2715992371076139)","(6,0.043925629478255866)","(7,0.22308081416720535)","(8,0.0533937111555595)"
"(1,0.8215910980085607)","(2,0.7652921622126659)","(3,0.616297046793102)","(4,0.4238772007749595)","(5,0.13849908541250047)","(6,0.08813507098871838)","(7,0.1458481779149911)","(8,0.12013758326786259)"
"(1,0.8199157084286081)","(2,0.8335330206123839)","(3,0.6319052031674072)","(4,0.4678546037359066)","(5,0.2329939139627707)","(6,0.0601953195159928)","(7,0.04037139070026602)","(8,0.12497958565802539)"
"(1,0.8839064291009373)","(2,0.7855462540905206)","(3,0.6541611320347676)","(4,0.4264977542325452)","(5,0.16719592565352168)","(6,0.06997862630275926)","(7,0.22201415192208587)","(8,0.09009097758110324)"
"(1,0.7714316083334477)","(2,0.8403971751458041)","(3,0.5907882376824355)","(4,0.4344339091517771)","(5,0.15924984616675686)","(6,0.02730274076580378)","(7,0.13609694825550744)","(8,0.15921526993145485)"
"(1,0.8294041561864874)","(2,0.8555152593292016)","(3,0.6765601015922348)","(4,0.34871771723945544)","(5,0.12793237647818348)","(6,0.047909553271369934)","(7,0.15798041877459804)","(8,0.1637151601140745)"
"(1,0.8133920611477106)","(2,0.8504475132151346)","(3,0.5368368374458047)","(4,0.3634472375601965)","(5,0.27256335398368514)","(6,0.0406171338148627)","(7,0.1079903454307918)","(8,0.1650526084534878)"
"(1,0.82404892879016)","(2,0.8481131233692164)","(3,0.6887193465109247)","(4,0.36420466754484193)","(5,0.18205881169890564)","(6,0.13620089054414491)","(7,0.15031336132987197)","(8,0.06126612385264185)"
"(1,0.8590228844940649)","(2,0.81997711094602)","(3,0.5642086526805218)","(4,0.34837102319346686)","(5,0.15148047814000248)","(6,0.08569188893786277)","(7,0.2150631693434766)","(8,0.049774560690660975)"
"(1,0.7643840812146806)","(2,0.8438799290890473)","(3,0.5408777509380386)","(4,0.2850239719836237)","(5,0.201120500638904)","(6,0.1161591583801219)","(7,0.15846933080670453)","(8,0.22735311586601384)"
"(1,0.904412089310915)","(2,0.8234470967885861)","(3,0.6801145733682465)","(4,0.30075152162682073)","(5,0.2191075961502109)","(6,0.14087760540337144)","(7,0.11580482089084394)","(8,0.056834806221074466)"
"(1,0.881760812706867)","(2,0.8047239392991509)","(3,0.628810487267458)","(4,0.3663334535861457)","(5,0.284765872745232)","(6,0.0023946539342665886)","(7,0.19447819033345082)","(8,0.05317196141938498)"
"(1,0.7784664814934706)","(2,0.817245419241839)","(3,0.5427235566409899)","(4,0.47370184967353274)","(5,0.14383408477148513)","(6,0.12775643823102412)","(7,0.1874499634716672)","(8,0.1335437543787795)"
"(1,0.8285630539431852)","(2,0.8056306727183361)","(3,0.671794330753998)","(4,0.4783125093177179)","(5,0.23872307809015286)","(6,0.014725965023622221)","(7,0.1879249786078957)","(8,0.09394742541116166)"
"(1,0.7695652912064955)","(2,0.82175783344447)","(3,0.6611057557397295)","(4,0.4561953710677605)","(5,0.14346113321316403)","(6,0.015508923175605283)","(7,0.1595659064624749)","(8,0.17910196448581775)"
"(1,0.8433684717111528)","(2,0.8126829226198378)","(3,0.6904593437357349)","(4,0.44347438481193013)","(5,0.20441194517648087)","(6,0.13805899431290908)","(7,0.19865078841656555)","(8,0.10548189911224312)"
"(1,0.8870743898491511)","(2,0.8691487108557463)","(3,0.6810795790606053)","(4,0.4335582835621033)","(5,0.2247942529578371)","(6,0.012306753097515116)","(7,0.12731574739463)","(8,0.2264986320038748)"
"(1,0.7790691750097312)","(2,0.7857466855699917)","(3,0.643259969737398)","(4,0.3488129806280467)","(5,0.2029561098773029)","(6,0.04572182390749189)","(7,0.15572572411297775)","(8,0.14867404982583068)"
"(1,0.29291781815699797)","(2,0.3818824567796993)","(3,0.1913365050934779)","(4,0.29240985513797857)","(5,0.4312973769117748)","(6,0.16507408393906975)","(7,0.2728082082165552)","(8,0.3823069218165434)"
"(1,0.43011216579390066)","(2,0.16990500073040196)","(3,0.20717811888907647)","(4,0.2940975462331241)","(5,0.31132406330024165)","(6,0.33231715961019903)","(7,0.2658311691701958)","(8,0.33011102415544286)"
"(1,0.08523150399573756)","(2,0.11686088342504342)","(3,0.11563164394582978)","(4,0.044226159038516455)","(5,0.15476332839806134)","(6,0.0024417148500988375)","(7,0.11577909722274737)","(8,0.08395090610549516)"
"(1,0.4237881865033709)","(2,0.42030938781516836)","(3,0.3034876090338419)","(4,0.3500492217945146)","(5,0.4201887843836163)","(6,0.47038029824611177)","(7,0.325631482438452)","(8,0.4868885034017067)"
"(1,0.25644476921983433)","(2,0.3646719691942138)","(3,0.23693935880447253)","(4,0.3090570317695851)","(5,0.25752390158207483)","(6,0.40396933651356653)","(7,0.17276042752103712)","(8,0.207463137877599)"
"(1,0.39088240636464355)","(2,0.31237224896098525)","(3,0.4000125574776872)","(4,0.4355622026692816)","(5,0.3728932913306771)","(6,0.41422134013289397)","(7,0.3144631437440197)","(8,0.4445186591996855)"
"(1,0.07897459565201699)","(2,0.18357158300610155)","(3,0.018424375417550685)","(4,0.061414152628836094)","(5,0.07364453150580948)","(6,0.04451548070639011)","(7,0.06386994445581878)","(8,0.06509021403143171)"
"(1,0.898664085502848)","(2,0.98285026356655)","(3,0.873992289998486)","(4,0.955432112068678)","(5,0.9738269297953613)","(6,0.9614551123147903)","(7,0.9927515531736435)","(8,0.8311568424530076)"
"(1,0.8409234812781129)","(2,0.9868624802760151)","(3,0.9747253878142954)","(4,0.946209456981246)","(5,0.9362782575698683)","(6,0.9597952606331852)","(7,0.8195386655124063)","(8,0.8720256690613178)"
"(1,0.7366818460377518)","(2,0.6951602691137724)","(3,0.6322925696836551)","(4,0.7090000374444989)","(5,0.6595154559892928)","(6,0.7404889297346057)","(7,0.5668587401629481)","(8,0.6929106161675528)"
"(1,0.38099947899638614)","(2,0.2840871031686682)","(3,0.44309469822536907)","(4,0.38506478123897714)","(5,0.32892945418721176)","(6,0.25548976458461814)","(7,0.4791494405559772)","(8,0.3861522835478095)"
"(1,0.8721085949527961)","(2,0.8600479763515467)","(3,0.876743258721673)","(4,0.9892017433559894)","(5,0.9242905542236034)","(6,0.8704592509867717)","(7,0.8427835220376002)","(8,0.8857421520351177)"
"(1,0.2940801957470607)","(2,0.2969439251714079)","(3,0.279361693201881)","(4,0.3395532684547311)","(5,0.27347093673300815)","(6,0.41510486863438595)","(7,0.4424701677464299)","(8,0.28029080547882274)"
"(1,0.538731166082586)","(2,0.49847376813044075)","(3,0.5782813580522086)","(4,0.5012676132637095)","(5,0.5081273799108893)","(6,0.4370047989980663)","(7,0.5112841685672672)","(8,0.5882458539420533)"
"(1,0.480240141553631)","(2,0.38951277233116094)","(3,0.39234406815424355)","(4,0.5279530758519535)","(5,0.6052994700659188)","(6,0.44618277721424865)","(7,0.42534703375510363)","(8,0.6443541759122416)"
"(1,0.3604739593415321)","(2,0.09328800918386879)","(3,0.29648992258383616)","(4,0.22414534164390942)","(5,0.18391609342527257)","(6,0.3500093456368029)","(7,0.14717384297485217)","(8,0.07785620555968051)"
"(1,0.40185625781565276)","(2,0.3063957836411958)","(3,0.4622058595122661)","(4,0.4141036404016336)","(5,0.287076473894658)","(6,0.4825670883578305)","(7,0.3760859241781401)","(8,0.5244863311392056)"
"(1,0.11621197479414758)","(2,0.1333126344385178)","(3,0.03326243232585159)","(4,0.012075105002599562)","(5,0.05312581918462437)","(6,0.018678691992629858)","(7,0.026582998502572373)","(8,0.11027000713162315)"
"(1,0.9953438669957526)","(2,0.7146683448301623)","(3,0.7734428348661654)","(4,0.8619829088723354)","(5,0.8814919341387809)","(6,0.8536655917430003)","(7,0.7382714151797392)","(8,0.8059625832346559)"
"(1,0.4584416969622817)","(2,0.4511942654367948)","(3,0.46898988400740077)","(4,0.3923130770409742)","(5,0.5042726689499089)","(6,0.4096476585443229)","(7,0.4585981584749441)","(8,0.4196281842438501)"
"(1,0.5878473341478888)","(2,0.6685662676179605)","(3,0.5221888204533495)","(4,0.5263330400574859)","(5,0.5018988331402653)","(6,0.4849719336518111)","(7,0.4706521728223951)","(8,0.44965759763201035)"
"(1,0.5954294222882508)","(2,0.5812032683721113)","(3,0.5503742521767221)","(4,0.4496008447466371)","(5,0.3446222298326469)","(6,0.5529603507345334)","(7,0.31163713295554835)","(8,0.32932899767138724)"
"(1,0.953850937646052)","(2,0.78429782403051)","(3,0.9201140977251809)","(4,0.8741240295984498)","(5,0.7434390527652028)","(6,0.7550232961099602)","(7,0.7327165537136601)","(8,0.9934546387012955)"
"(1,0.3226641443469795)","(2,0.4407725029983508)","(3,0.3432825906379307)","(4,0.3834901455869737)","(5,0.36601928934588085)","(6,0.42243175022616863)","(7,0.49441059019769024)","(8,0.3105380773264422)"
"(1,0.14466391182050092)","(2,0.11691235730202969)","(3,0.005396389440740479)","(4,0.11832985297900644)","(5,0.1933562835860578)","(6,0.1897529045340609)","(7,0.2652348656284536)","(8,0.22992430552310833)"
"(1,0.8353702825707858)","(2,0.7673338455093882)","(3,0.9254332712749679)","(4,0.8884990247880504)","(5,0.8631025867029397)","(6,0.8581391097864086)","(7,0.7747587164482752)","(8,0.8714235456853805)"
"(1,0.7250667468600186)","(2,0.7197444700588003)","(3,0.6702994736944532)","(4,0.7244030216753632)","(5,0.8184483577246944)","(6,0.8206420298743594)","(7,0.6551827541040309)","(8,0.6223691074612467)"
"(1,0.24694802440530478)","(2,0.19387987920140543)","(3,0.21722357133943554)","(4,0.33091898646264584)","(5,0.38058861433603525)","(6,0.23776010496876265)","(7,0.28691557981488414)","(8,0.3825067231585251)"
"(1,0.2277209686799965)","(2,0.2542093219712613)","(3,0.12561351970167384)","(4,0.10711063826427969)","(5,0.06991298682879397)","(6,0.0955043053440143)","(7,0.02431453368656095)","(8,0.08869222488474114)"
"(1,0.1868301339491326)","(2,0.3009667566892827)","(3,0.191196240070383)","(4,0.19549550752071077)","(5,0.15841756230947235)","(6,0.3412103672113134)","(7,0.3132581244142271)","(8,0.2782760592566519)"
"(1,0.22017108764790846)","(2,0.3887162120178871)","(3,0.3253817666865087)","(4,0.3237664641444089)","(5,0.18727489053251692)","(6,0.3274188772047157)","(7,0.277509395526973)","(8,0.23056473695926574)"
"(1,0.33721391528754335)","(2,0.3388332438546393)","(3,0.45533486830238457)","(4,0.33645162304308673)","(5,0.3507116690887543)","(6,0.3614991295476388)","(7,0.39755586399347836)","(8,0.34704602573949056)"
"(1,0.8538274931786101)","(2,0.7716005402373249)","(3,0.8788072816405577)","(4,0.8126401898690818)","(5,0.7545418865957221)","(6,0.9442418843900616)","(7,0.7989756148033531)","(8,0.7233586666960667)"
"(1,0.2804026233581322)","(2,0.2200846894203487)","(3,0.2602503495309277)","(4,0.36163850281765053)","(5,0.4193496913834563)","(6,0.43393131146805436)","(7,0.48640643840615505)","(8,0.33385204925137246)"
"(1,0.7106006479642948)","(2,0.6624462836870709)","(3,0.8297158213704962)","(4,0.7577267868368136)","(5,0.781525539436492)","(6,0.8790968892252572)","(7,0.7013543509297702)","(8,0.7642556959549391)"
"(1,0.18618330389357202)","(2,0.1481235901893863)","(3,0.060758261272543294)","(4,0.18481079778370813)","(5,0.2604121354360553)","(6,0.3277179465938613)","(7,0.2384326678563876)","(8,0.09639160877760063)"
"(1,0.24818470409493582)","(2,0.0022671069239750623)","(3,0.24686681843521444)","(4,0.12569710692308367)","(5,0.10433018573436144)","(6,0.1990213908833417)","(7,0.22055292727164336)","(8,0.08207229445032141)"
"(1,0.14253237580330008)","(2,0.21419574893546586)","(3,0.16208110091056277)","(4,0.15417358424132388)","(5,0.20413094465055925)","(6,0.1404653052402533)","(7,0.05113603225786236)","(8,0.06001293915358615)"
"(1,0.10380296146327013)","(2,0.08442246754099003)","(3,0.3241205148362389)","(4,0.2170827326694169)","(5,0.10712178669566974)","(6,0.3084171882011211)","(7,0.1342619752273689)","(8,0.32514606119725636)"
"(1,0.1511588171549168)","(2,0.12516903523612347)","(3,0.05501356385391264)","(4,0.06940138356533998)","(5,0.06558830662153739)","(6,0.0486142828628362)","(7,0.1264385169100003)","(8,0.10209661731795491)"
"(1,0.3669787734428959)","(2,0.13414101374714524)","(3,0.29008925497274957)","(4,0.27640077244162176)","(5,0.14944489361987723)","(6,0.35590438426483556)","(7,0.34953120142382654)","(8,0.26654345995512185)"
"(1,0.8255823302854646)","(2,0.8258813221531373)","(3,0.753071423802715)","(4,0.855986245416803)","(5,0.9296760259635045)","(6,0.8557290920011422)","(7,0.7507291234562108)","(8,0.9118381453636305)"
"(1,0.5172286221408622)","(2,0.45473403330348483)","(3,0.5337657909646396)","(4,0.6027754070484572)","(5,0.4729308633791245)","(6,0.7236049000999389)","(7,0.6376512668331236)","(8,0.4760648182964833)"
"(1,0.7265900141476199)","(2,0.7966377976247893)","(3,0.8928377783763463)","(4,0.8080122440836568)","(5,0.8158349936248087)","(6,0.7944074603070733)","(7,0.8674093807605519)","(8,0.9224709662315811)"
"(1,0.20904169323148578)","(2,0.21568764585532887)","(3,0.20111842897721682)","(4,0.2357940005938981)","(5,0.25157055016634067)","(6,0.3806733355563497)","(7,0.290044006272394)","(8,0.35942610562373023)"
"(1,0.16274935470943655)","(2,0.35845642138500466)","(3,0.23017062675062436)","(4,0.2754381007965112)","(5,0.36865344763937336)","(6,0.23829206284022358)","(7,0.2842088514605445)","(8,0.15934039395150482)"
"(1,0.8899433410297717)","(2,0.9904509426485897)","(3,0.9891141020170048)","(4,0.9859303410159115)","(5,0.876304103246328)","(6,0.8868705595776071)","(7,0.8443766453152893)","(8,0.9000024970864311)"
"(1,0.15776563854329143)","(2,0.2733987524528152)","(3,0.24441135194884492)","(4,0.21728939699874616)","(5,0.07884322319871892)","(6,0.20476645715612019)","(7,0.10557043978777415)","(8,0.2287377542022745)"
"(1,0.4819915238935641)","(2,0.426880437548144)","(3,0.3082600141615923)","(4,0.41734241247289083)","(5,0.4105962811242621)","(6,0.44179272511648204)","(7,0.4807444684509201)","(8,0.3307396365453415)"
"(1,0.2539529295992958)","(2,0.19464894234351027)","(3,0.22474885131501404)","(4,0.11837078690337277)","(5,0.24902032131027158)","(6,0.03538154589536736)","(7,0.13327931420072844)","(8,0.17593947619048197)"
"(1,0.7688454611096034)","(2,0.6604761245783559)","(3,0.6239028565050382)","(4,0.7069873807095362)","(5,0.8361087473574387)","(6,0.7894997908468827)","(7,0.5994926856410163)","(8,0.6230507561424513)"
"(1,0.21998043811111972)","(2,0.25207448626303924)","(3,0.3234025888058088)","(4,0.2623393161373393)","(5,0.2852078295090818)","(6,0.2970864615376336)","(7,0.11733038760175206)","(8,0.20100278283616488)"
"(1,0.14691539059154185)","(2,0.31192089852026433)","(3,0.3313460599072947)","(4,0.290993261434332)","(5,0.41092742998766496)","(6,0.15626287506984549)","(7,0.39443245411405137)","(8,0.41597672616758763)"
"(1,0.5025252807321883)","(2,0.27777058173336067)","(3,0.3967466854997715)","(4,0.3926213906766114)","(5,0.323495254421115)","(6,0.3500155848939567)","(7,0.30189113297112596)","(8,0.4562655493128927)"
"(1,0.17199665139779816)","(2,0.11278307031969739)","(3,0.18675564157745658)","(4,0.11771331639258609)","(5,0.03569354633771383)","(6,0.14606303577128135)","(7,0.08861194133922082)","(8,0.035764952781169125)"
"(1,0.6999162295059871)","(2,0.6518220479734712)","(3,0.7120901840189918)","(4,0.710984882746331)","(5,0.6732949851684324)","(6,0.8556210913632863)","(7,0.7108477480885043)","(8,0.6441006575664124)"
"(1,0.17010333126094848)","(2,0.3119609624022674)","(3,0.2740045160386218)","(4,0.24491437997510745)","(5,0.13965466940028612)","(6,0.11693634883740879)","(7,0.24855576349491815)","(8,0.3413953237291651)"
"(1,0.8863318994066525)","(2,0.8858974645636446)","(3,0.9997970317754421)","(4,0.9181879842988141)","(5,0.9478441969654533)","(6,0.8012365751693997)","(7,0.9075229922927294)","(8,0.9637208246453072)"
"(1,0.4563859147191468)","(2,0.30898463193733916)","(3,0.3043546100219578)","(4,0.33269194822081083)","(5,0.3726974701472618)","(6,0.22429693443021032)","(7,0.4720386990289706)","(8,0.24391059086594657)"
"(1,0.11119941966570393)","(2,0.20252312947593745)","(3,0.2276036724253108)","(4,0.200011932052383)","(5,0.0691351094234651)","(6,0.2668700511514093)","(7,0.3343352542801824)","(8,0.08059122712417995)"
"(1,0.06596969624224198)","(2,0.2188013060761492)","(3,0.2306534273681025)","(4,0.10164817239379476)","(5,0.220355934988368)","(6,0.07939547354658093)","(7,0.17152562874969807)","(8,0.12603460992517776)"
"(1,0.8387155094655396)","(2,0.8594830725422583)","(3,0.9193684341319917)","(4,0.8526323176016255)","(5,0.728026951658193)","(6,0.856466721345699)","(7,0.9893949570495393)","(8,0.9837490606951932)"
"(1,0.9643000840324784)","(2,0.7675607281056495)","(3,0.7766797538119998)","(4,0.8193427491410967)","(5,0.7398016125203083)","(6,0.7517800755832518)","(7,0.7473562732997221)","(8,0.8342999215210897)"
"(1,0.3817971452874925)","(2,0.4824827699794379)","(3,0.34574803592459474)","(4,0.40569172037824375)","(5,0.389985736178682)","(6,0.3331444416586011)","(7,0.2831861240730103)","(8,0.49358641020910293)"
"(1,0.9668517671503623)","(2,0.8641786392863623)","(3,0.8726693727328733)","(4,0.9604496486334635)","(5,0.8796569743607616)","(6,0.9561648576034342)","(7,0.8922716899780678)","(8,0.9415785847487481)"
"(1,0.5672563935459988)","(2,0.6548980173636147)","(3,0.6674536387671104)","(4,0.5975186839957938)","(5,0.4867570664168108)","(6,0.46226150018985807)","(7,0.6161532907201718)","(8,0.6551026581690181)"
"(1,0.9283196511885362)","(2,0.7657930979488878)","(3,0.9461885064293746)","(4,0.8907327888854553)","(5,0.8455321431176938)","(6,0.851117282153415)","(7,0.8834968098845525)","(8,0.9202711054387892)"
"(1,0.9768547060571848)","(2,0.8699502039187488)","(3,0.8808644663966169)","(4,0.9551545777580228)","(5,0.9582873239827093)","(6,0.9286503017939342)","(7,0.8435094016017988)","(8,0.9528992084437722)"
"(1,0.5536961765724594)","(2,0.33186109543546144)","(3,0.5461344137611116)","(4,0.45726844749010587)","(5,0.4620442172207952)","(6,0.43534980564921744)","(7,0.5097445011808515)","(8,0.5621200492932272)"
"(1,0.9468816550463393)","(2,0.7959428294312731)","(3,0.8604749424132684)","(4,0.9071151234744661)","(5,0.8483858555092437)","(6,0.8306706693427401)","(7,0.9110515192806532)","(8,0.924825964705928)"
"(1,0.07754122575465884)","(2,0.025632087520465658)","(3,0.10253261755718822)","(4,0.028182972156946873)","(5,0.03472213584008614)","(6,0.05067169619839343)","(7,0.06514832761115735)","(8,0.004548801897542026)"
"(1,0.6753915711779953)","(2,0.7067781385779787)","(3,0.4373508844420856)","(4,0.5730656203823428)","(5,0.5537861182279976)","(6,0.6264511240317504)","(7,0.7201434379028315)","(8,0.6189888367851202)"
"(1,0.11743715309406497)","(2,0.21586889023284156)","(3,0.191068808109624)","(4,0.09366463867423991)","(5,0.13963589804133786)","(6,0.22647312352150048)","(7,0.1241987265943773)","(8,0.01583293719189442)"
"(1,0.28070906626438896)","(2,0.10621627717490381)","(3,0.18629950783936042)","(4,0.17682107767416566)","(5,0.14410321793211028)","(6,0.24803215683196275)","(7,0.202862142242264)","(8,0.316911702020659)"
"(1,0.10702805753390918)","(2,0.0005858374881747646)","(3,0.08883631022663306)","(4,0.018405392615477245)","(5,0.07908867533236642)","(6,0.14232275677069417)","(7,0.035974340310463204)","(8,0.13431708149738136)"
"(1,0.5860606459084237)","(2,0.4062711593464459)","(3,0.2974177440772978)","(4,0.4463343397100705)","(5,0.4604765228054237)","(6,0.565007269331796)","(7,0.4849710695387506)","(8,0.35450200705018775)"
"(1,0.7029206929161856)","(2,0.5750236791543606)","(3,0.8449122030480234)","(4,0.7153791328120287)","(5,0.8514010882317843)","(6,0.778002888692872)","(7,0.7852240565253806)","(8,0.7829914550337207)"
"(1,0.7781407601763815)","(2,0.9023423653473197)","(3,0.690670635145906)","(4,0.7946364535215249)","(5,0.8315855302191635)","(6,0.7764227034687237)","(7,0.8357271568196707)","(8,0.9254551208172862)"
"(1,0.5821407712318067)","(2,0.5883358325805256)","(3,0.49186523377966107)","(4,0.5414880665831028)","(5,0.6740308277278841)","(6,0.3990584779380826)","(7,0.6501971115872941)","(8,0.6311423913116347)"
"(1,0.702666814276344)","(2,0.6621396787177495)","(3,0.9077725767501093)","(4,0.8059051982564092)","(5,0.7195907298000379)","(6,0.9522988005912048)","(7,0.7989159048145883)","(8,0.7693624274552711)"
"(1,0.14261412012811647)","(2,0.24504036624591627)","(3,0.17932509953332124)","(4,0.1474003165162272)","(5,0.12319471891825982)","(6,0.2855205794060432)","(7,0.023190639513272257)","(8,0.08515768985545566)"
"(1,0.2126766794828729)","(2,0.19168196785209246)","(3,0.2071408775979993)","(4,0.16591876853592535)","(5,0.09564226663643181)","(6,0.08005665091147675)","(7,0.19822351283351186)","(8,0.19612843436818603)"
"(1,0.2249824478739921)","(2,0.1737856989177476)","(3,0.17301718139598554)","(4,0.10756446867795466)","(5,0.12368378733322209)","(6,0.2113639726161218)","(7,0.11829075515176679)","(8,0.12007549677405802)"
"(1,0.8133618143635133)","(2,0.6286523564511803)","(3,0.6002481590309596)","(4,0.6795000875459842)","(5,0.7000360562354739)","(6,0.6962994223710949)","(7,0.5767779672140262)","(8,0.7948547832448705)"
"(1,0.008047295848071956)","(2,0.03801106045593017)","(3,0.10559302207198114)","(4,0.13112014867208632)","(5,0.031521799967621084)","(6,0.05294166651785)","(7,0.07581968238209805)","(8,0.07848758245751998)"
"(1,0.9351852169931989)","(2,0.8934419049494672)","(3,0.8034188036255031)","(4,0.9299435372811278)","(5,0.8366528638430726)","(6,0.9328039381853651)","(7,0.826446793233588)","(8,0.9635694079610834)"
"(1,0.04815020556287238)","(2,0.03802398431876153)","(3,0.08084388561403254)","(4,0.02436485452230297)","(5,0.028374640821337307)","(6,0.01923496454134294)","(7,0.09847606868915786)","(8,0.07438865162013751)"
"(1,0.05260771597584303)","(2,0.044439788710692735)","(3,0.04673566870294028)","(4,0.09061746593264308)","(5,0.19516366448651798)","(6,0.07357036263168007)","(7,0.14755496372431876)","(8,0.24059002194196863)"
"(1,0.04493726369000486)","(2,0.14277439610974837)","(3,0.002909836071892634)","(4,0.01458158818190114)","(5,0.04358212660014147)","(6,0.14919296868362064)","(7,0.00844808441822045)","(8,0.02057580849608998)"
"(1,0.11901887153466605)","(2,0.03225084281247914)","(3,0.057199729477819795)","(4,0.14469763589750495)","(5,0.10627423488369236)","(6,0.03442951322335164)","(7,0.19737672730918585)","(8,0.0683212990995043)"
"(1,0.3475180636036704)","(2,0.2659391173152731)","(3,0.2152649302492751)","(4,0.2993617317477919)","(5,0.17282227889234555)","(6,0.22890662926202204)","(7,0.3718842347893909)","(8,0.22179406046163197)"
"(1,0.6549701702620822)","(2,0.8806467432059619)","(3,0.7381611440700633)","(4,0.7711340258952537)","(5,0.6537451884195574)","(6,0.7524610415096422)","(7,0.6719230837279053)","(8,0.918368822823435)"
"(1,0.33147145479902496)","(2,0.35612634066219895)","(3,0.17928440745487284)","(4,0.2679919624745808)","(5,0.1524493473298898)","(6,0.16895042704962854)","(7,0.4033851534134356)","(8,0.3760812039006904)"
"(1,0.8643892130287041)","(2,0.6642379620280674)","(3,0.5867850840296263)","(4,0.731560203417718)","(5,0.8477629198651913)","(6,0.8073814342280646)","(7,0.7394948816807329)","(8,0.6536995563994887)"
"(1,0.4989694012375719)","(2,0.43253859837576036)","(3,0.4858304289671865)","(4,0.39636085307208413)","(5,0.5082623577894269)","(6,0.27621156396831037)","(7,0.3727242904596851)","(8,0.38406014874705424)"
"(1,0.7131239269355661)","(2,0.8171130397562453)","(3,0.8656821777289448)","(4,0.8227138052714602)","(5,0.8126703372133386)","(6,0.8375622348113593)","(7,0.747138723529964)","(8,0.8573020995694594)"
"(1,0.4709489787104718)","(2,0.4326317914701201)","(3,0.5226493429277987)","(4,0.46975327787802557)","(5,0.3217232120512862)","(6,0.35534334616086416)","(7,0.5443216180085577)","(8,0.3877411512055502)"
"(1,0.33203565405370433)","(2,0.2835761052527633)","(3,0.4896498817887384)","(4,0.3545293489439201)","(5,0.32340233834418214)","(6,0.45189566724934094)","(7,0.39796452702343665)","(8,0.2510614929248504)"
"(1,0.5208878705749374)","(2,0.35203539157828595)","(3,0.4619743248812247)","(4,0.49580291720243563)","(5,0.5429459715251161)","(6,0.37273559022258285)","(7,0.47959714803880016)","(8,0.42424752736038374)"
"(1,0.7742486869831384)","(2,0.703766414634293)","(3,0.786071628292263)","(4,0.842288408238508)","(5,0.9251392945556385)","(6,0.9141138081487266)","(7,0.9678949221907163)","(8,0.8509295840305727)"
"(1,0.6280469103889237)","(2,0.4586868256738295)","(3,0.5810142395795551)","(4,0.499457621934023)","(5,0.502412706775482)","(6,0.6091566788191491)","(7,0.415810917523041)","(8,0.39155677871156586)"
"(1,0.32858740740764936)","(2,0.17600426057331758)","(3,0.3571252350923911)","(4,0.2329916409963011)","(5,0.1003507063266394)","(6,0.3007705411862622)","(7,0.3016823551648306)","(8,0.31226901164123994)"
"(1,0.8640399552807132)","(2,0.8871168867352668)","(3,0.9159426227644571)","(4,0.9851799472159979)","(5,0.9720196007911691)","(6,0.9569744080905418)","(7,0.899528171595716)","(8,0.875316506180415)"
"(1,0.5916822982786607)","(2,0.35169103408076946)","(3,0.38129026690082884)","(4,0.48483192939349173)","(5,0.38671600587083654)","(6,0.5365558984519155)","(7,0.6199593600691105)","(8,0.425600250450483)"
"(1,0.625513630106302)","(2,0.6552311113989591)","(3,0.5709912848896268)","(4,0.5867760115181022)","(5,0.5688429920200838)","(6,0.7109715230148667)","(7,0.7269092455064802)","(8,0.6828653285307721)"
"(1,0.609438738692506)","(2,0.6347014110362592)","(3,0.5769534931158036)","(4,0.4722040162997343)","(5,0.3919764657257532)","(6,0.6813854535603956)","(7,0.28108014200486053)","(8,0.7856450228382064)"
"(1,0.8460519622714593)","(2,0.9691915827258788)","(3,0.3861763903497406)","(4,0.37029795381408914)","(5,0.849334998426323)","(6,0.31280822439958755)","(7,0.875845054952169)","(8,0.3967634939138398)"
"(1,0.8722759534038713)","(2,0.4599088394597055)","(3,0.6271360292983388)","(4,0.5961067341564714)","(5,0.17761772907213458)","(6,0.46083727011479225)","(7,0.7580369525959716)","(8,0.4362834109109506)"
"(1,0.9715892988084949)","(2,0.4300817527527345)","(3,0.33350453074317943)","(4,0.5768462686638205)","(5,0.0007250476114073479)","(6,0.6364339506476135)","(7,0.5742385988732996)","(8,0.690634668593817)"
"(1,0.4115644193560355)","(2,0.6318941939891498)","(3,0.36019217873098586)","(4,0.3251540389006)","(5,0.30148025578226045)","(6,0.90296570057364)","(7,0.9255110050902797)","(8,0.05760630716868542)"
"(1,0.3618296850388114)","(2,0.2010935563914762)","(3,0.04738276183932855)","(4,0.8828469713293876)","(5,0.23160001997722635)","(6,0.21459445249984954)","(7,0.36456940061669973)","(8,0.6322207996649476)"
"(1,0.2648951459861626)","(2,0.253616140764684)","(3,0.37094617737660385)","(4,0.04084544148452074)","(5,0.48906718943850813)","(6,0.806306433278595)","(7,0.19509330545821646)","(8,0.7376372184579139)"
"(1,0.1587472026400043)","(2,0.8831290820793538)","(3,0.7788511086210939)","(4,0.5475675313229968)","(5,0.5454236784859643)","(6,0.865838536226351)","(7,0.9345640208352186)","(8,0.04041771396079841)"
"(1,0.4792458401402453)","(2,0.9812693672154615)","(3,0.9864671277207511)","(4,0.72075634552322)","(5,0.09323070794501631)","(6,0.20234687809282192)","(7,0.8799658980519012)","(8,0.1653638636261212)"
"(1,0.9613945843959537)","(2,0.6766739927683731)","(3,0.08745123850018266)","(4,0.5252800024520781)","(5,0.395121839734782)","(6,0.805760168734486)","(7,0.35901934778101086)","(8,0.027381576242666794)"
"(1,0.5485537580661997)","(2,0.12343865143006716)","(3,0.884900551588415)","(4,0.22644619777423913)","(5,0.5328885576818616)","(6,0.2301666685557413)","(7,0.6964076186212327)","(8,0.054672605786128425)"
"(1,0.36273078688522964)","(2,0.482819877590249)","(3,0.2742875569146106)","(4,0.5473857074222928)","(5,0.5532252638992468)","(6,0.7473524506731453)","(7,0.003008476022590356)","(8,0.32237999232235426)"
"(1,0.7742278145585035)","(2,0.8147587972835044)","(3,0.707773657064722)","(4,0.4407452752734906)","(5,0.3110324701761611)","(6,0.08514848061007285)","(7,0.22520949592720818)","(8,0.006039666279367806)"
"(1,0.36443218179732106)","(2,0.22907022377230368)","(3,0.815822094893558)","(4,0.649234496326152)","(5,0.6473183275058438)","(6,0.9265995683133572)","(7,0.7074145059408639)","(8,0.6403986108208959)"
"(1,0.747030541121001)","(2,0.7377188439328555)","(3,0.12375135696294981)","(4,0.2550722540534902)","(5,0.5678650387166333)","(6,0.6941539858000454)","(7,0.06858969666414128)","(8,0.704023631644118)"
"(1,0.876615585340017)","(2,0.5212672429378287)","(3,0.8984615837773913)","(4,0.647525521561217)","(5,0.9492518331108595)","(6,0.6226618912179973)","(7,0.07237886315148279)","(8,0.394377871574884)"
"(1,0.8923224507469392)","(2,0.1032549922177246)","(3,0.7567341197041697)","(4,0.9460525024486068)","(5,0.48649988360869245)","(6,0.4930228499855067)","(7,0.3701293256314804)","(8,0.9473635547345585)"
"(1,0.1952354098593354)","(2,0.00795911723022269)","(3,0.38228806657187375)","(4,0.31381245625318366)","(5,0.5383141992980662)","(6,0.3619298826052455)","(7,0.3275581715043834)","(8,0.0876253967289018)"
"(1,0.5596689094452485)","(2,0.36379919093037905)","(3,0.7703272336709635)","(4,0.5519226485516666)","(5,0.33484139779372346)","(6,0.9728482094305175)","(7,0.6304724918953271)","(8,0.8073999560285798)"
"(1,0.7747434766114363)","(2,0.744134307974111)","(3,0.16895641573176468)","(4,0.2554712980081568)","(5,0.5916324174764602)","(6,0.920719998693686)","(7,0.5945998518309674)","(8,0.3805349821781736)"
"(1,0.558043926955456)","(2,0.5585690832302346)","(3,0.7505658791335743)","(4,0.8950780169287336)","(5,0.35291788756327835)","(6,0.34432548066960256)","(7,0.41532120987090737)","(8,0.8775949914346333)"
"(1,0.4606658144561533)","(2,0.5640960553216996)","(3,0.03995306003682275)","(4,0.5449296886310331)","(5,0.20664590670992222)","(6,0.9924517848015164)","(7,0.6943586223681479)","(8,0.01834815048572791)"
"(1,0.6954678686998408)","(2,0.5636633357268175)","(3,0.3512711579671006)","(4,0.0329527770687541)","(5,0.05401121204599768)","(6,0.15575687325001608)","(7,0.37306175037761324)","(8,0.6913804557668861)"
"(1,0.7083968097571267)","(2,0.1458999293972396)","(3,0.7079957701487778)","(4,0.7396904005340619)","(5,0.7538036510761661)","(6,0.18233694228515396)","(7,0.5584900044662737)","(8,0.09565932096406882)"
"(1,0.5400967643752057)","(2,0.3637389017820378)","(3,0.869310977444862)","(4,0.8299532255465769)","(5,0.5473797415527684)","(6,0.9589057659400686)","(7,0.34272258606638273)","(8,0.8111395755182595)"
"(1,0.13236960815465593)","(2,0.43695131783860375)","(3,0.5595642598936852)","(4,0.9806852547052205)","(5,0.6987956542543776)","(6,0.4765130321921074)","(7,0.03118850097004522)","(8,0.39772890840547515)"
"(1,0.891473602908825)","(2,0.0985278765643347)","(3,0.39771194046248226)","(4,0.6822827908122373)","(5,0.7778695487875775)","(6,0.7952310167546077)","(7,0.1960993655851322)","(8,0.3022115418641085)"
"(1,0.44995519231469894)","(2,0.10036622298445441)","(3,0.8255256773751136)","(4,0.9409974878286311)","(5,0.1730946309250938)","(6,0.8200891935921173)","(7,0.6960570797261618)","(8,0.6212299755363113)"
"(1,0.17240651645637706)","(2,0.19010889689674682)","(3,0.6969983718009467)","(4,0.16474774511339785)","(5,0.506474366712818)","(6,0.7069297944651585)","(7,0.17929731027974882)","(8,0.2535941443610854)"
"(1,0.35252384242578816)","(2,0.7272339899543905)","(3,0.6999618647397314)","(4,0.3135565876966633)","(5,0.8307937367692435)","(6,0.8275379760858834)","(7,0.8334786872833404)","(8,0.9897848959052649)"
"(1,0.24251088619756977)","(2,0.8742415972194078)","(3,0.24777910160995908)","(4,0.15538809068120352)","(5,0.9328354909983152)","(6,0.038909846940919035)","(7,0.06503720769769195)","(8,0.7396428079433786)"
"(1,0.7815495762080455)","(2,0.9414378209372958)","(3,0.2424892968125545)","(4,0.2770051433730263)","(5,0.09771069474861238)","(6,0.6154906625961958)","(7,0.5025679113573587)","(8,0.18210756308679255)"
"(1,0.3958807467631733)","(2,0.7778604873156116)","(3,0.7666442719169109)","(4,0.13423694451368218)","(5,0.7169901489599735)","(6,0.06570470082176083)","(7,0.21106575986339537)","(8,0.8015077112374731)"
"(1,0.9770700260941458)","(2,0.7497729276259093)","(3,0.1647473956608323)","(4,0.9341230752675933)","(5,0.7191103966901331)","(6,0.4720218119563149)","(7,0.750003096294884)","(8,0.25745163397511694)"
"(1,0.23751630700429072)","(2,0.3181776653863915)","(3,0.3626269799620563)","(4,0.6523798568271357)","(5,0.7195129749505125)","(6,0.6715053276947478)","(7,0.4421035498076904)","(8,0.5200985119457995)"
"(1,0.34586781020119917)","(2,0.11926470427641833)","(3,0.23736813415818903)","(4,0.05295710275714138)","(5,0.9706413455578704)","(6,0.298701940666241)","(7,0.9925374340465605)","(8,0.7803575425578078)"
"(1,0.5156205615891838)","(2,0.8317516864289525)","(3,0.5762922052138362)","(4,0.08310023847439352)","(5,0.6197394677502348)","(6,0.5378701409740161)","(7,0.4142152527731422)","(8,0.5065728562646632)"
"(1,0.9768660189661622)","(2,0.38674884070634197)","(3,0.5120568909379619)","(4,0.527626968921568)","(5,0.5443585325013252)","(6,0.6728717874146579)","(7,0.5017046258589446)","(8,0.3594804365805089)"
"(1,0.8947481593162387)","(2,0.7536153841857076)","(3,0.13025897726242053)","(4,0.06600934731191366)","(5,0.9213826488426289)","(6,0.348261678507251)","(7,0.707674790655134)","(8,0.5196121692556026)"
"(1,0.9668431867554184)","(2,0.44348145543769824)","(3,0.9832691699165097)","(4,0.2628339442901735)","(5,0.6230749956158308)","(6,0.9107581746648301)","(7,0.9835824455197382)","(8,0.5033863981732061)"
"(1,0.32872931581718245)","(2,0.6373565897692044)","(3,0.6615558360252132)","(4,0.9983401864746149)","(5,0.6095445442903449)","(6,0.5841925878149894)","(7,0.630048656868831)","(8,0.003277232303717792)"
"(1,0.058694405479566614)","(2,0.7363965545356694)","(3,0.908170313924967)","(4,0.7461246587557366)","(5,0.3270098649150819)","(6,0.9062202036655373)","(7,0.47283329345262204)","(8,0.7309396136024378)"
"(1,0.5823704024359868)","(2,0.2916568552779517)","(3,0.8591775214289916)","(4,0.9633095586210199)","(5,0.589118370463604)","(6,0.3024036534912087)","(7,0.12836239158881546)","(8,0.6455531263263921)"
"(1,0.5102655284558024)","(2,0.9135500399862626)","(3,0.08206005316040854)","(4,0.027073484529142045)","(5,0.8139645975968144)","(6,0.8068277078936672)","(7,0.35569345284631915)","(8,0.39139600671643615)"
"(1,0.9424573806177616)","(2,0.1228229856211267)","(3,0.4214753907461779)","(4,0.4541882421966861)","(5,0.584665813338362)","(6,0.021538728569057364)","(7,0.17139181570270767)","(8,0.9374511978727753)"
